Value,Title,Location,Sector
https://www.saramin.co.kr/zf_user/jobs/relay/view?rec_idx=54305804,백엔드(python) 개발자 채용,서울 강남구,Python 백엔드/서버개발 웹개발 기술지원 유지보수
https://www.saramin.co.kr/zf_user/jobs/relay/view?rec_idx=53920991,Python 개발자 채용,서울 강남구,Python Java Linux 딥러닝 S/W
https://www.saramin.co.kr/zf_user/jobs/relay/view?rec_idx=54282488,Python 워크플로우 자동화 개발자,서울 강서구,Python RPA 소프트웨어개발
https://www.saramin.co.kr/zf_user/jobs/relay/view?rec_idx=54271876,백엔드(python) 개발자 채용,서울 강남구,Python 백엔드/서버개발 웹개발 기술지원 유지보수
https://www.saramin.co.kr/zf_user/jobs/relay/view?rec_idx=54271775,"[미소정보기술 대전본부] JAVA, Python 및 AI 플랫폼 개발자",대전 유성구,유지보수 반응형웹 CSS Git HTML
https://www.saramin.co.kr/zf_user/jobs/relay/view?rec_idx=54308104,N은행 AI감사포털 신규 구축 Python 중급 개발자 채용(의왕),경기 의왕시,백엔드/서버개발 웹개발 유지보수 프론트엔드 SI·시스템통합
https://www.saramin.co.kr/zf_user/jobs/relay/view?rec_idx=54309171,"소프트웨어 개발자 (C, C++, Python 등)",대전 유성구,C++ S/W C언어 임베디드 펌웨어
https://www.saramin.co.kr/zf_user/jobs/relay/view?rec_idx=54060893,Backend (Python) 개발자,서울 강남구,Python 백엔드/서버개발
https://www.saramin.co.kr/zf_user/jobs/relay/view?rec_idx=54109376,AI Agent Engineer (Python),서울 영등포구,Python AI(인공지능) 백엔드/서버개발 머신러닝 AWS
https://www.saramin.co.kr/zf_user/jobs/relay/view?rec_idx=54228608,차량용 S/W Test 자동화 검증(Python),인천 서구,Python QA/테스터 솔루션업체 소프트웨어개발
https://www.saramin.co.kr/zf_user/jobs/relay/view?rec_idx=54200306,AI제품(Python) 개발 경력직 채용,서울 강서구,Python AI(인공지능) 백엔드/서버개발 Java 웹개발
https://www.saramin.co.kr/zf_user/jobs/relay/view?rec_idx=54107940,"AI 서비스 플랫폼 백엔드 개발자 모집(PYTHON, JAVA)",부산 연제구,Python AI(인공지능) 백엔드/서버개발 Java 머신러닝
https://www.saramin.co.kr/zf_user/jobs/relay/view?rec_idx=54073336,"C#, Python 개발자 채용",서울 강서구,Python C++ Linux 웹개발 앱개발
https://www.saramin.co.kr/zf_user/jobs/relay/view?rec_idx=53948095,[개발팀] 백엔드 개발자 (Python),서울 강남구,Python AWS Docker MySQL OpenCV
https://www.saramin.co.kr/zf_user/jobs/relay/view?rec_idx=53999668,"[서울 문정] [경력3년이상 4,300~8,500] C++, Python 백엔드개발",서울 송파구,Python C++ 백엔드/서버개발 C# Tensorflow
https://www.saramin.co.kr/zf_user/jobs/relay/view?rec_idx=54204377,백엔드 엔지니어(C# Python) 채용(일부재택/유연근무),서울 강남구,Python 백엔드/서버개발 Java C# 자산관리
https://www.saramin.co.kr/zf_user/jobs/relay/view?rec_idx=54293659,[대기업] 교육 플랫폼 운영 Python 풀스택 개발자 채용,서울 강서구,Python 백엔드/서버개발 웹개발 프론트엔드 SI개발
https://www.saramin.co.kr/zf_user/jobs/relay/view?rec_idx=53849084,프타 솔루션 JAVA / DBA / TA / AA / PYTHON Recruitment,서울 구로구,Python Java DBA SI개발 AWS
https://www.saramin.co.kr/zf_user/jobs/relay/view?rec_idx=54214213,로봇 소프트웨어 개발자(Python · ROS) 모집(신입/경력),부산 사상구,Python S/W 로봇엔지니어 PLC ROS
https://www.saramin.co.kr/zf_user/jobs/relay/view?rec_idx=54307262,Python 백엔드 개발자_9년이상,서울 마포구,Python 백엔드/서버개발 웹개발 프론트엔드 DBA
https://www.saramin.co.kr/zf_user/jobs/relay/view?rec_idx=54307186,Python 백엔드 개발자_6년~8년 채용,서울 마포구,Python 백엔드/서버개발 웹개발 프론트엔드 DBA
https://www.saramin.co.kr/zf_user/jobs/relay/view?rec_idx=54004173,생성형 AI 빅데이터 마케팅 플랫폼 데이터엔지니어(python)채용,서울 강남구,Python AI(인공지능) C++ 빅데이터 API
https://www.saramin.co.kr/zf_user/jobs/relay/view?rec_idx=54271901,[산업기능요원/보충역] 백엔드(python) 개발자 채용,서울 강남구,Python 백엔드/서버개발 웹개발 기술지원 유지보수
https://www.saramin.co.kr/zf_user/jobs/relay/view?rec_idx=54278764,"Java, PHP, Python, CMS 웹응용프로그램 개발자 모집",부산 부산진구,Python Java 웹개발 PHP 솔루션업체
https://www.saramin.co.kr/zf_user/jobs/relay/view?rec_idx=54319959,[선릉/한국표준협회] AI 연구개발(Python·LLM·RAG) 개발 채용,서울 강남구,Python AI(인공지능) 백엔드/서버개발 Java 머신러닝
https://www.saramin.co.kr/zf_user/jobs/relay/view?rec_idx=54296545,프론트엔드 개발자 (React / Next.js / Python),서울 송파구,Python AI(인공지능) Java 프론트엔드 반응형웹
https://www.saramin.co.kr/zf_user/jobs/relay/view?rec_idx=54239527,"Flutter, PHP 또는 Python 2년 이상 실무 개발자",서울 성동구,웹개발 앱개발 반응형웹 웹표준·웹접근성 CSS
https://www.saramin.co.kr/zf_user/jobs/relay/view?rec_idx=54271148,마케팅 프로세스 자동화 개발자(Python) 인턴/신입 채용,서울 송파구,백엔드/서버개발 광고기획사 광고대행사
https://www.saramin.co.kr/zf_user/jobs/relay/view?rec_idx=53831012,Python Backend 개발자 채용(대전 연구소),대전 중구,백엔드/서버개발 소프트웨어개발
https://www.saramin.co.kr/zf_user/jobs/relay/view?rec_idx=54149669,정규 Python/Data Engineer (신입/경력) 채용,경기 용인시 수지구,빅데이터 클라우드 SI·시스템통합 DW DBMS
https://www.saramin.co.kr/zf_user/jobs/relay/view?rec_idx=54121868,인디제이(inDJ AI) - AI/Python 개발자 채용,광주 북구,AI(인공지능) 소프트웨어개발
https://www.saramin.co.kr/zf_user/jobs/relay/view?rec_idx=54312209,긴급) SK하이닉스 분당 AI 개발자 (Python / Lang Graph) 고급,경기 성남시 분당구,AI(인공지능) 웹개발 SI개발 IT컨설팅
https://www.saramin.co.kr/zf_user/jobs/relay/view?rec_idx=54218713,백엔드 엔지니어(C# Python) 채용(유연근무),서울 강남구,백엔드/서버개발 소프트웨어개발
https://www.saramin.co.kr/zf_user/jobs/relay/view?rec_idx=54290273,[경력]Python 기반 ETL & Data Solution Engineer(부산),부산 사하구,데이터엔지니어 SCM 솔루션업체 소프트웨어개발
https://www.saramin.co.kr/zf_user/jobs/relay/view?rec_idx=54307162,Python 백엔드 개발자 채용,서울 마포구,웹개발 프론트엔드 AWS 광고대행사
https://www.saramin.co.kr/zf_user/jobs/relay/view?rec_idx=54255019,"Python , DJango/DJangoRestframework 기반 웹서비스 개발",서울 강서구,Java 웹개발 프론트엔드 SI개발 웹표준·웹접근성
https://www.saramin.co.kr/zf_user/jobs/relay/view?rec_idx=54088123,(주)와이즈캔 - AI 및 Python 개발자 채용,서울 강남구,웹개발 솔루션업체 소프트웨어개발
https://www.saramin.co.kr/zf_user/jobs/relay/view?rec_idx=54288188,휴머노이드 로봇 제어 SW 개발 (ROS2 / C++ / Python),대구 달성군,로봇엔지니어 로봇설계 AI(인공지능) 기타제조업
https://www.saramin.co.kr/zf_user/jobs/relay/view?rec_idx=53849649,Python 기반 자연어처리(NLP) AI 개발자 경력직 채용,서울 종로구,Python SI개발 LLM RAG SI·시스템통합
https://www.saramin.co.kr/zf_user/jobs/relay/view?rec_idx=53850131,[씨이랩] Python 개발자(NVIDIA Omniverse 관련),서울 강남구,Python AI(인공지능) C++ 백엔드/서버개발 S/W
https://www.saramin.co.kr/zf_user/jobs/relay/view?rec_idx=54105220,[경력] AI Agent & Python Backend Engineer,서울 강남구,Python AI(인공지능) 백엔드/서버개발 Linux 딥러닝
https://www.saramin.co.kr/zf_user/jobs/relay/view?rec_idx=54110683,[키미디에스] [분당/하이닉스] 파이썬(Python) 백엔드 프리랜서,경기 성남시 분당구,Python Java OracleDB React SpringBoot
https://www.saramin.co.kr/zf_user/jobs/relay/view?rec_idx=54078638,차량용 S/W Test 자동화 개발(Python),인천 서구,Python 솔루션업체 소프트웨어개발
https://www.saramin.co.kr/zf_user/jobs/relay/view?rec_idx=54121362,(주)미러로이드 Python 백엔드 + AI 개발자 경력 채용 공고,경기 성남시 수정구,Python 백엔드/서버개발 소프트웨어개발
https://www.saramin.co.kr/zf_user/jobs/relay/view?rec_idx=54258660,[Python]제품개발 및 개발자 채용,경기 화성시,Python C++ Java 네트워크 이미지프로세싱
https://www.saramin.co.kr/zf_user/jobs/relay/view?rec_idx=54206701,AI제품(Python) 개발 경력직(10년 이상) 채용,서울 강서구,Python AI(인공지능) 백엔드/서버개발 Java 웹개발
https://www.saramin.co.kr/zf_user/jobs/relay/view?rec_idx=54180798,[Python SI 분당] Airflow 기반에 Python 개발자 모집(5),경기 성남시 분당구,Python 소프트웨어개발
https://www.saramin.co.kr/zf_user/jobs/relay/view?rec_idx=54204561,[Python SI 시청역] 은행 대화형 에이전트 빌더 구축 (3),서울 중구,Python 웹개발 SI·시스템통합
https://www.saramin.co.kr/zf_user/jobs/relay/view?rec_idx=54229011,알고리즘 구현(RF Simulation/Python 수치해석),서울 강남구,Python 설계엔지니어 시스템설계 전기설계 회로설계
https://www.saramin.co.kr/zf_user/jobs/relay/view?rec_idx=54229023,Python(파이썬) 개발자(경력) 모집,서울 강남구,Python AI(인공지능) Java 반응형웹 C#
https://www.saramin.co.kr/zf_user/jobs/relay/view?rec_idx=54277258,#[코스닥 상장 특수합금 공급 기업] Python Developer,서울 강남구,Python 금속 금속재료
https://www.saramin.co.kr/zf_user/jobs/relay/view?rec_idx=54296424,파이썬 백엔드 개발자(Python Backend Engineer) 채용 件,경기 수원시 영통구,Python 백엔드/서버개발 Java OracleDB Pandas
https://www.saramin.co.kr/zf_user/jobs/relay/view?rec_idx=54289813,"장비 제어 프로그램 개발(Linux, C++, python, 대리~차장급)",경기 수원시 권선구,Python C++ Linux C언어 장비제어
https://www.saramin.co.kr/zf_user/jobs/relay/view?rec_idx=54293485,Python Developer,서울 강남구,Python 서치펌 헤드헌팅
https://www.saramin.co.kr/zf_user/jobs/relay/view?rec_idx=54162703,Python기반 자동화엔지니어 경력,서울 송파구,Python 웹개발 유지보수
https://www.saramin.co.kr/zf_user/jobs/relay/view?rec_idx=54230672,[우주항공산업 글로벌 유통기업] Python Developer,서울 중구,Python 백엔드/서버개발 웹개발 데이터분석가 ERP
https://www.saramin.co.kr/zf_user/jobs/relay/view?rec_idx=54215899,[Python] 마포 호전실업 AI Python 개발자 모집,서울 구로구,Python SI·시스템통합 ERP
https://www.saramin.co.kr/zf_user/jobs/relay/view?rec_idx=53862136,(주)랩씨드 Python AI 백엔드 엔지니어 채용,서울 관악구,Python 백엔드/서버개발 알고리즘 AWS Django
https://www.saramin.co.kr/zf_user/jobs/relay/view?rec_idx=54261238,"[외국계기업] 우주항공 ERP,Python 영업분석 개발자 (대리-차장)",서울 강남구,Python ERP 헤드헌팅
https://www.saramin.co.kr/zf_user/jobs/relay/view?rec_idx=54011981,"(증미) LGES DX, Python(FastAPI), 중급이하",서울 강서구,Python OracleDB PostgreSQL SpringBoot SI·시스템통합
https://www.saramin.co.kr/zf_user/jobs/relay/view?rec_idx=54074200,주식회사 오토패스에서 Python·AWS·OCR 개발자 모셔요,경기 파주시,Python 유지보수 네트워크 AWS MariaDB
https://www.saramin.co.kr/zf_user/jobs/relay/view?rec_idx=54270441,"ERP 영업분석 개발자 (Python/Odoo),코스닥 상장사",서울 강남구,Python ERP Odoo 건설회사 토목회사
https://www.saramin.co.kr/zf_user/jobs/relay/view?rec_idx=54269763,컴퓨터 프로그래머 (C# / Python 가능자),경기 안양시 동안구,Python 정보통신 바이러스
https://www.saramin.co.kr/zf_user/jobs/relay/view?rec_idx=53790246,[DEEPNOID] Backend Engineer (Python),서울 구로구,백엔드/서버개발 소프트웨어개발
https://www.saramin.co.kr/zf_user/jobs/relay/view?rec_idx=54155874,백엔드 개발자 (Python),서울 동작구,백엔드/서버개발 소프트웨어개발
https://www.saramin.co.kr/zf_user/jobs/relay/view?rec_idx=53771612,업무시스템 개발 PM (Java/Python 기반),서울 강남구,AI(인공지능) Java 기술지원 데이터분석가 데이터엔지니어
https://www.saramin.co.kr/zf_user/jobs/relay/view?rec_idx=54227736,Python Developer - Sales Analytics (KOR),서울 강남구,백엔드/서버개발 ERP 금속
https://www.saramin.co.kr/zf_user/jobs/relay/view?rec_idx=54118653,(주)밸리언트데이터에서 Python Web Full-Stack 개발자를 찾고 있어요,경기 성남시 분당구,웹개발 웹호스팅
https://www.saramin.co.kr/zf_user/jobs/relay/view?rec_idx=54121073,[AI개발 SI 증미역] Python 기반 AI 관련 개발자 모집 (8),서울 강서구,AI(인공지능) Pytorch 소프트웨어개발
https://www.saramin.co.kr/zf_user/jobs/relay/view?rec_idx=54134122,[PYTHON SI 판교] AI 관련 내부 시스템 개발,경기 성남시 분당구,백엔드/서버개발 소프트웨어개발
https://www.saramin.co.kr/zf_user/jobs/relay/view?rec_idx=54183368,[데이터랩스] LLM을 위한 Python 개발 AI 서비스 경력자 모집,서울 강서구,Java Linux GCP Kubernetes MyBatis
https://www.saramin.co.kr/zf_user/jobs/relay/view?rec_idx=54303138,"데이터 분석( SQL, Python) FPS게임/세계적게임사",경기 성남시 분당구,데이터분석가 리서치 데이터분석 게임데이터분석 헤드헌팅
https://www.saramin.co.kr/zf_user/jobs/relay/view?rec_idx=54142050,AI 기반 에너지관리시스템 Python 백엔드 개발자 채용,인천 서구,백엔드/서버개발 솔루션업체 소프트웨어개발
https://www.saramin.co.kr/zf_user/jobs/relay/view?rec_idx=53987523,"프로그램 개발자 모집(Machine Vision, AI(Python), C, C#, C++)",경북 포항시 남구,AI(인공지능) S/W SE(시스템엔지니어) SI개발 알고리즘
https://www.saramin.co.kr/zf_user/jobs/relay/view?rec_idx=53986663,(주)랩씨드에서 Python Backend 및 AI 개발자를 찾고 있어요,서울 서초구,AI(인공지능) 알고리즘 인프라 아키텍쳐 소프트웨어개발
https://www.saramin.co.kr/zf_user/jobs/relay/view?rec_idx=53902323,(스타트업)핵심 멤버로 함께 성장하실 Python 개발자 2명 채용,서울 강서구,웹개발 소프트웨어개발
https://www.saramin.co.kr/zf_user/jobs/relay/view?rec_idx=53978633,임베디드 시스템 개발자 (C++/C#/Python),경북 안동시,C++ SE(시스템엔지니어) 소프트웨어개발
https://www.saramin.co.kr/zf_user/jobs/relay/view?rec_idx=54231266,[데이터 분석가(Python 또는 R)],서울 강남구,데이터분석가 헤드헌팅
https://www.saramin.co.kr/zf_user/jobs/relay/view?rec_idx=53978116,AI Vision/MFC/C# Python 개발직,충남 천안시 동남구,S/W 솔루션 DBMS WCF 파워빌더
https://www.saramin.co.kr/zf_user/jobs/relay/view?rec_idx=54138256,기업부설연구소 ROS / Python 개발 경력직 채용,경기 수원시 영통구,로봇엔지니어 연구원 R&D R&D기획 기술연구
https://www.saramin.co.kr/zf_user/jobs/relay/view?rec_idx=54039791,정교하고 실행력 있는 엔지니어 (Python),서울 마포구,국제무역사 무역경리 무역사무원 무역중개인 원산지관리사
https://www.saramin.co.kr/zf_user/jobs/relay/view?rec_idx=54268212,[우주항공·방산용 특수소재 전문기업] Python Developer,서울 강남구,생산관리 품질관리 구매 우주
https://www.saramin.co.kr/zf_user/jobs/relay/view?rec_idx=54056067,파이썬(딥러닝) 개발자 모집 [신입],서울 서초구,Python AI(인공지능) 머신러닝 딥러닝 Pytorch
https://www.saramin.co.kr/zf_user/jobs/relay/view?rec_idx=54211098,[판교/AI스타트업] 파이썬 개발 보조 및 데이터 검증 담당자 모,경기 성남시 수정구,백엔드/서버개발 머신러닝 딥러닝 데이터분석가 데이터엔지니어
https://www.saramin.co.kr/zf_user/jobs/relay/view?rec_idx=54271343,파이썬 개발자 채용,서울 강남구,Python 백엔드/서버개발 인프라 광고기획사 광고대행사
https://www.saramin.co.kr/zf_user/jobs/relay/view?rec_idx=54123015,"사당역/이수역/JAVA Spring, 파이썬 풀스택 경력 채용",서울 서초구,Python 백엔드/서버개발 웹개발 프론트엔드 데이터시각화
https://www.saramin.co.kr/zf_user/jobs/relay/view?rec_idx=54179578,"머신러닝, 딥러닝, AI, 파이썬 데이터 분석 개발자 (제주대근무)",제주 제주시,Python AI(인공지능) 머신러닝 딥러닝 알고리즘
https://www.saramin.co.kr/zf_user/jobs/relay/view?rec_idx=54220945,(주)유스바이오글로벌에서 파이썬 기반 의료영상 AI개발자 찾고 있어요,서울 구로구,백엔드/서버개발 데이터분석가 데이터엔지니어 API 데이터 사이언티스트
https://www.saramin.co.kr/zf_user/jobs/relay/view?rec_idx=54283862,[드랩아트] 비주얼 생성형 AI 솔루션 파이썬 백엔드 개발자,서울 강남구,백엔드/서버개발 소프트웨어개발
https://www.saramin.co.kr/zf_user/jobs/relay/view?rec_idx=54312693,자산관리팀 신입사원 채용 (SQL/파이썬/VBA/엑셀 가능자 우대,서울 서초구,문서작성 사무행정 서류관리 자산관리 금융사무
https://www.saramin.co.kr/zf_user/jobs/relay/view?rec_idx=54214979,(주)베터리얼 파이썬 개발 경력 사원 모집,경기 성남시 중원구,Python 데이터엔지니어 SE(시스템엔지니어) 네트워크 정보통신
https://www.saramin.co.kr/zf_user/jobs/relay/view?rec_idx=54244693,케이엠아이시스템(주)-컴퓨터 전공자(C#/파이선) 경력 모집,경기 성남시 중원구,Python S/W 기술지원 유지보수 SE(시스템엔지니어)
https://www.saramin.co.kr/zf_user/jobs/relay/view?rec_idx=54280425,파이선 개발자 채용,서울 성동구,앱개발 소프트웨어개발
https://www.saramin.co.kr/zf_user/jobs/relay/view?rec_idx=54225898,파이썬 개발자 구인(10~12년),경기 성남시 분당구,웹개발 SI·시스템통합
https://www.saramin.co.kr/zf_user/jobs/relay/view?rec_idx=54225882,파이썬 개발자 구인(6~9년),경기 성남시 분당구,웹개발 SI·시스템통합
https://www.saramin.co.kr/zf_user/jobs/relay/view?rec_idx=54225912,파이썬 개발자 구인(13~15년),경기 성남시 분당구,웹개발 SI·시스템통합
https://www.saramin.co.kr/zf_user/jobs/relay/view?rec_idx=54147984,[(주)애니로직] (경력5년~)파이썬 인공지능 개발 프리랜서 모집,경기 성남시 분당구,AI(인공지능) 백엔드/서버개발 SI개발 솔루션 클라우드
https://www.saramin.co.kr/zf_user/jobs/relay/view?rec_idx=54147918,"[(주)애니로직] (경력5년~)파이썬 인공지능 개발 직원, 계약직",서울 금천구,AI(인공지능) 백엔드/서버개발 SI개발 솔루션 클라우드
https://www.saramin.co.kr/zf_user/jobs/relay/view?rec_idx=54271464,초중고 대상 파이썬 강사님 모십니다.,세종특별자치시,파트강사 학원강사 IT강사 컴퓨터교육 IT학원
https://www.saramin.co.kr/zf_user/jobs/relay/view?rec_idx=54282798,"재직자 특강 -자바입문, 파이썬 강사 채용건",경기 성남시 분당구,훈련교사 직업훈련 직업전문학교 직업전문학교
https://www.saramin.co.kr/zf_user/jobs/relay/view?rec_idx=54268603,싸이몬 2026년 하반기 공개 채용,경기 용인시,Python AI(인공지능) C++ 백엔드/서버개발 Java
https://www.saramin.co.kr/zf_user/jobs/relay/view?rec_idx=54290748,다우기술 경력사원 대규모 인재영입,경기 성남시,Python AI(인공지능) C++ 백엔드/서버개발 Java
https://www.saramin.co.kr/zf_user/jobs/relay/view?rec_idx=53660011,2026 각 부문 신입/경력 수시채용,경기 수원시 영통구,Python C++ 백엔드/서버개발 Java Linux
https://www.saramin.co.kr/zf_user/jobs/relay/view?rec_idx=54312351,2026년 상반기 상시채용 모집,서울 강서구,Python AI(인공지능) C++ 백엔드/서버개발 머신러닝
https://www.saramin.co.kr/zf_user/jobs/relay/view?rec_idx=54282977,온투이노베이션코리아 반도체 부문별 모집,경기 화성시,Python C++ Linux S/W C언어
https://www.saramin.co.kr/zf_user/jobs/relay/view?rec_idx=54023849,2026년 2분기 분야별 공개채용,전국,Python C++ 백엔드/서버개발 Java 데이터엔지니어
https://www.saramin.co.kr/zf_user/jobs/relay/view?rec_idx=54214993,2026 샘표식품 신입/경력사원 수시채용,서울 중구,Python AI(인공지능) 백엔드/서버개발 Java Linux
https://www.saramin.co.kr/zf_user/jobs/relay/view?rec_idx=53770389,㈜위즈코리아 '26년 상반기 정기 채용 신입/경력 사원 모집,서울 강서구,Python AI(인공지능) C++ 백엔드/서버개발 Java
https://www.saramin.co.kr/zf_user/jobs/relay/view?rec_idx=54268904,(글로벌 기업) 2026년 한국몰렉스 부문별 경력직 채용,경기 안산시 단원구,Python C언어 기술지원 유지보수 SE(시스템엔지니어)
https://www.saramin.co.kr/zf_user/jobs/relay/view?rec_idx=54295246,"영업/마케팅, 경영지원. IT/SW 분야 채용",서울 강서구,Python AI(인공지능) Java 데이터분석가 데이터엔지니어
https://www.saramin.co.kr/zf_user/jobs/relay/view?rec_idx=53556550,(주)견우푸드 신입/경력 정규직 채용,경기 광주시,Python 유지보수 네트워크 API ERP
https://www.saramin.co.kr/zf_user/jobs/relay/view?rec_idx=53489648,2026년 해커스 교육그룹 [신입/경력] 각 부문별 채용공고,서울 서초구,Python AI(인공지능) C++ 백엔드/서버개발 Java
https://www.saramin.co.kr/zf_user/jobs/relay/view?rec_idx=54228338,[㈜용산] 부문별 채용 진행 (사업장별 모집),충남 아산시,백엔드/서버개발 보안컨설팅 유지보수 정보보안 SE(시스템엔지니어)
https://www.saramin.co.kr/zf_user/jobs/relay/view?rec_idx=54201357,제닉스로보틱스(주) 관리직/연구직/기술직 각 부문 채용,충남 천안시 서북구,C++ C언어 기술지원 정보보안 SE(시스템엔지니어)
https://www.saramin.co.kr/zf_user/jobs/relay/view?rec_idx=54048784,2026년도 상반기 신입(인턴) 및 경력사원 채용,서울 성동구,모델링 경리 경리사무원 급여(Payroll) 법인결산
https://www.saramin.co.kr/zf_user/jobs/relay/view?rec_idx=53999283,㈜아모텍 2026년 상반기 신입/경력 수시채용,서울 서초구,S/W 유지보수 인프라 ERP H/W
https://www.saramin.co.kr/zf_user/jobs/relay/view?rec_idx=54309400,동진쎄미켐 각 부문 인재 및 전문연구요원 채용,경기 화성시,관세사 기술영업 무역사무원 영업관리 영업마케팅
https://www.saramin.co.kr/zf_user/jobs/relay/view?rec_idx=54229598,[삼성/하이닉스 1차 협력사] 사무/관리 정규직/계약직 채용,경기 화성시 만세구,Python 데이터분석가 보안컨설팅 유지보수 정보보안
https://www.saramin.co.kr/zf_user/jobs/relay/view?rec_idx=53947937,[LG CNS] 보안 분야 전 영역 전문가 모집(경력),서울 강서구,Python AI(인공지능) Linux 보안컨설팅 정보보안
https://www.saramin.co.kr/zf_user/jobs/relay/view?rec_idx=54075588,도미노피자 각 부문(자회사 포함) 공개 채용,서울 강남구,Python 백엔드/서버개발 Java Linux 웹개발
https://www.saramin.co.kr/zf_user/jobs/relay/view?rec_idx=54228113,'26년 상반기 각 부문 정규직 채용,경기 용인시 처인구,Python C++ 백엔드/서버개발 Java S/W
https://www.saramin.co.kr/zf_user/jobs/relay/view?rec_idx=54239133,금융데이터 서비스 기획·운영 채용 (신입/경력),서울 종로구,Python 데이터분석가 API MSSQL MySQL
https://www.saramin.co.kr/zf_user/jobs/relay/view?rec_idx=54132138,각 부문별 채용,경기 파주시,Python AI(인공지능) 백엔드/서버개발 S/W SE(시스템엔지니어)
https://www.saramin.co.kr/zf_user/jobs/relay/view?rec_idx=54259016,[2026년] 부문별 경력사원 공개 모집,경기 안양시,Python AI(인공지능) Linux 웹개발 기술지원
https://www.saramin.co.kr/zf_user/jobs/relay/view?rec_idx=54123184,"의약품 매입매출, 온라인 MD, 마케터, 영업 MR, 물류운영, 물류관리자, 리드 개발자, CS 채용",서울 서초구,Python Java QA/테스터 Git Javascript
https://www.saramin.co.kr/zf_user/jobs/relay/view?rec_idx=54025208,[아티젠스페이스] 각 부문 신입/경력 모집,서울 강남구,Python AI(인공지능) C++ 백엔드/서버개발 Java
https://www.saramin.co.kr/zf_user/jobs/relay/view?rec_idx=54090263,[본사] 상반기 각 부문 신입 및 경력 채용,인천 미추홀구,Python C++ C언어 기술지원 유지보수
https://www.saramin.co.kr/zf_user/jobs/relay/view?rec_idx=54229152,(주)심텍 장비구매/시스템개발/공정엔지니어 경력/신입 채용,충북 청주시,Python AI(인공지능) Java 유지보수 IT컨설팅
https://www.saramin.co.kr/zf_user/jobs/relay/view?rec_idx=54179592,㈜제이스로보틱스 전 부문 모집내용,충남 아산시,Python C++ 딥러닝 S/W C#
https://www.saramin.co.kr/zf_user/jobs/relay/view?rec_idx=54206290,"대일시스템 하반기 채용(해외영업지원,국내영업,아날로그회로설계,필드엔지니어,생산,제어엔지니어 팀장)",경기 용인시 처인구,Python C++ 머신러닝 S/W C언어
https://www.saramin.co.kr/zf_user/jobs/relay/view?rec_idx=54136016,2026년 6월 그린카 경력/신입 상시 모집,서울 강남구,Python 백엔드/서버개발 Java 머신러닝 Linux
https://www.saramin.co.kr/zf_user/jobs/relay/view?rec_idx=54029894,2026 엔젤로보틱스 각 분야 채용 공고,서울 광진구,Python AI(인공지능) C++ 백엔드/서버개발 Java
https://www.saramin.co.kr/zf_user/jobs/relay/view?rec_idx=54205018,[글로벌 ERP 회사] 컨설턴트 채용,서울 송파구,Python Java S/W C언어 데이터분석가
https://www.saramin.co.kr/zf_user/jobs/relay/view?rec_idx=54060751,2026년 각 부문별 신입/경력 채용,경기 화성시,Python AI(인공지능) C++ Java 머신러닝
https://www.saramin.co.kr/zf_user/jobs/relay/view?rec_idx=53903007,LIG시스템 각 부문별 신입/경력직 채용,서울 용산구,AI(인공지능) 백엔드/서버개발 Java Linux 유지보수
https://www.saramin.co.kr/zf_user/jobs/relay/view?rec_idx=54206486,부문별 수시채용 직원모집,경기 화성시,Java 웹개발 앱개발 웹마스터 유지보수
https://www.saramin.co.kr/zf_user/jobs/relay/view?rec_idx=53930400,[수산그룹]수산INT 개발직군 채용(백엔드/서비스기획/QA엔지니어 등),서울 강남구,C++ 백엔드/서버개발 Java Linux S/W
https://www.saramin.co.kr/zf_user/jobs/relay/view?rec_idx=54145161,㈜마이크로인피니티 수원사업장 정규 모집,경기 수원시 영통구,S/W 웹개발 보안컨설팅 앱개발 유지보수
https://www.saramin.co.kr/zf_user/jobs/relay/view?rec_idx=50846359,[NARA SPACE] 각 부문별 직원모집,서울 영등포구,백엔드/서버개발 S/W 웹개발 데이터엔지니어 프론트엔드
https://www.saramin.co.kr/zf_user/jobs/relay/view?rec_idx=53944820,‘소부장 으뜸기업' 각 부문 채용,경기 용인시,AI(인공지능) C++ Java Linux S/W
https://www.saramin.co.kr/zf_user/jobs/relay/view?rec_idx=54258473,[2026년] 부문별 채용 연계형 인턴사원 공개 모집,경기 안양시,AI(인공지능) 웹개발 기술지원 유지보수 SE(시스템엔지니어)
https://www.saramin.co.kr/zf_user/jobs/relay/view?rec_idx=53969640,AX 기술실 각 부문 채용,서울 송파구,Python AI(인공지능) C++ 백엔드/서버개발 Java
https://www.saramin.co.kr/zf_user/jobs/relay/view?rec_idx=54122508,에이엠㈜ 신입/경력 채용 모집,경기 과천시,Python AI(인공지능) C++ 백엔드/서버개발 Java
https://www.saramin.co.kr/zf_user/jobs/relay/view?rec_idx=54282676,2026년도 분야별 인원모집,서울 구로구,Python C++ Java C# 전산회계
https://www.saramin.co.kr/zf_user/jobs/relay/view?rec_idx=54063147,[솔탑] 2026년 위성·항공·경영 분야 부문별 신입/경력 채용,세종특별자치시,Python C++ 백엔드/서버개발 Java S/W
https://www.saramin.co.kr/zf_user/jobs/relay/view?rec_idx=54291199,(수료축하금) 지능형 앱 개발자 양성과정 6기,서울전체,Python AI(인공지능) 백엔드/서버개발 Java 머신러닝
https://www.saramin.co.kr/zf_user/jobs/relay/view?rec_idx=54281011,신입공채-컨설턴트/사업/경영지원/SW개발,서울 마포구,Python AI(인공지능) C++ 백엔드/서버개발 Java
https://www.saramin.co.kr/zf_user/jobs/relay/view?rec_idx=54259523,[펄사게이밍] 2026 하계 추가충원-해외영업 / 경영회계 / 풀스택,경기 용인시 기흥구,Python AI(인공지능) 유지보수 SE(시스템엔지니어) ERP
https://www.saramin.co.kr/zf_user/jobs/relay/view?rec_idx=54270742,건축/토목/CS/인사총무/개발자/증권트레이너/농작인/분양관리 채용,경기 화성시,Python AI(인공지능) 백엔드/서버개발 Java Linux
https://www.saramin.co.kr/zf_user/jobs/relay/view?rec_idx=54076273,[X-Ray 및 CT 검사장비 AI 솔루션] 각 부문 신입 및 경력 모집,경기 화성시,Python AI(인공지능) C++ 머신러닝 딥러닝
https://www.saramin.co.kr/zf_user/jobs/relay/view?rec_idx=54308626,[현대차계열사/복지우수/학력무관] 현대엔지비 IT 직무 채용,서울 관악구,Python 기술지원 데이터분석가 유지보수 퍼블리셔
https://www.saramin.co.kr/zf_user/jobs/relay/view?rec_idx=54076392,[안랩] 2026 연구소 집중 채용,경기 성남시 분당구,Python AI(인공지능) C++ 백엔드/서버개발 Java
https://www.saramin.co.kr/zf_user/jobs/relay/view?rec_idx=54289013,[NHN]AI 전환 백엔드 개발,경기 성남시 분당구,Python AI(인공지능) 백엔드/서버개발 Java Linux
https://www.saramin.co.kr/zf_user/jobs/relay/view?rec_idx=54191322,AI 개발자 모집 (헬스케어 / 의료 음성인식·LLM / CSO 직속),서울 서초구,Python AI(인공지능) 백엔드/서버개발 머신러닝 Linux
https://www.saramin.co.kr/zf_user/jobs/relay/view?rec_idx=54307319,국립암센터 인공지능사업팀 과제연구원 채용,경기 고양시 일산동구,Python 머신러닝 딥러닝 블록체인 빅데이터
https://www.saramin.co.kr/zf_user/jobs/relay/view?rec_idx=54014614,[넥스트칩] 2026년 6월 각 부문 모집,경기 성남시 분당구,Python C++ Linux S/W C언어
https://www.saramin.co.kr/zf_user/jobs/relay/view?rec_idx=54159396,백엔드(Backend)개발자,서울 금천구,Python 백엔드/서버개발 Java 웹개발 앱개발
https://www.saramin.co.kr/zf_user/jobs/relay/view?rec_idx=54201323,응용 소프트웨어 개발자 신입 및 경력 채용,서울 금천구,Python C++ 백엔드/서버개발 Java 머신러닝
https://www.saramin.co.kr/zf_user/jobs/relay/view?rec_idx=54205897,2026 엔젤로보틱스 대전연구소 연구원 채용 (전문연구요원-병역특례 가능),대전 대덕구,Python AI(인공지능) C++ 백엔드/서버개발 Java
https://www.saramin.co.kr/zf_user/jobs/relay/view?rec_idx=53806559,2026년 IT개발부문 경력 직원 채용,서울 강남구,Python AI(인공지능) 백엔드/서버개발 Java 웹개발
https://www.saramin.co.kr/zf_user/jobs/relay/view?rec_idx=54120670,[세르딕] AI 데이터 매니저 정규직 채용,서울 강남구,Python AI(인공지능) 백엔드/서버개발 머신러닝 딥러닝
https://www.saramin.co.kr/zf_user/jobs/relay/view?rec_idx=54272784,[모아소프트] 서울/경남 개발사업본부 채용,서울 송파구,Python 백엔드/서버개발 Linux 웹개발 프론트엔드
https://www.saramin.co.kr/zf_user/jobs/relay/view?rec_idx=54123891,[코스닥 상장사] 이에이트 개발직군 부문 채용,서울 송파구,Python AI(인공지능) C++ 백엔드/서버개발 Java
https://www.saramin.co.kr/zf_user/jobs/relay/view?rec_idx=54273057,[K뉴딜] LG화학(여수) Let's Grow with 1기,전남 여수시,Python AI(인공지능) 웹개발 앱개발 AIX
https://www.saramin.co.kr/zf_user/jobs/relay/view?rec_idx=54272981,[K-뉴딜] LG화학(오산) Let's Grow with 1기,경기 오산시,Python AI(인공지능) 웹개발 앱개발 AIX
https://www.saramin.co.kr/zf_user/jobs/relay/view?rec_idx=53905007,무인항공기(드론) 연구개발 부문별 채용,경기 광명시,Python C++ 머신러닝 딥러닝 S/W
https://www.saramin.co.kr/zf_user/jobs/relay/view?rec_idx=54104747,[서울 중구] 마케팅 담당 일반 사무직 정규직(신입/경력),서울 중구,Python AI(인공지능) 사무직 사무행정 사이트관리
https://www.saramin.co.kr/zf_user/jobs/relay/view?rec_idx=54311058,[업계 1위 서비스] 클로드 기반 바이브 코딩 개발자 채용,서울 강남구,Python AI(인공지능) 웹개발 클라우드 AWS
https://www.saramin.co.kr/zf_user/jobs/relay/view?rec_idx=53803866,[위성기술] 나라스페이스테크놀로지 각 부문별 신입/경력 모집,서울 영등포구,Python AI(인공지능) C++ 백엔드/서버개발 Linux
https://www.saramin.co.kr/zf_user/jobs/relay/view?rec_idx=54256256,로봇/로보틱스 S/W 엔지니어 모집(인턴/신입/경력),경기 광명시,Python C++ 백엔드/서버개발 S/W C언어
https://www.saramin.co.kr/zf_user/jobs/relay/view?rec_idx=54308363,사용자 편의성을 고민하는 신입 AI 플랫폼 웹 개발자 모집,경기 용인시 수지구,Python AI(인공지능) 백엔드/서버개발 Java 웹개발
https://www.saramin.co.kr/zf_user/jobs/relay/view?rec_idx=54306547,[기업부설연구소] AI 엔지니어 채용,서울 마포구,Python AI(인공지능) 머신러닝 딥러닝 C언어
https://www.saramin.co.kr/zf_user/jobs/relay/view?rec_idx=54277020,[재택근무] AI · 백엔드 개발자,경기 화성시 동탄구,Python 백엔드/서버개발 S/W 웹개발 데이터분석가
https://www.saramin.co.kr/zf_user/jobs/relay/view?rec_idx=52783795,2026년 각부문 신입 및 경력 채용,서울 서초구,Python AI(인공지능) C++ 백엔드/서버개발 Java
https://www.saramin.co.kr/zf_user/jobs/relay/view?rec_idx=53263131,[대상정보기술] 각 부문별 신입·경력 채용,서울 광진구,Python AI(인공지능) 백엔드/서버개발 Java 웹개발
https://www.saramin.co.kr/zf_user/jobs/relay/view?rec_idx=54227332,(주)컨텍 정규직 채용,대전 유성구,Python C++ 백엔드/서버개발 Java 유지보수
https://www.saramin.co.kr/zf_user/jobs/relay/view?rec_idx=54230086,국가독성과학연구소 제2026-1차 정규직 채용 공고,대전 유성구,Python 데이터분석가 데이터엔지니어 SE(시스템엔지니어) 데이터라벨링
https://www.saramin.co.kr/zf_user/jobs/relay/view?rec_idx=54207083,2026년 ㈜플렉스시스템 부문별 인재 채용,경기 안양시 동안구,Python C++ S/W C언어 QA/테스터
https://www.saramin.co.kr/zf_user/jobs/relay/view?rec_idx=54201502,[㈜테크웨이즈] 각 부문별 신입·경력사원 모집,경기 용인시 수지구,Python AI(인공지능) 기술지원 SE(시스템엔지니어) SI개발
https://www.saramin.co.kr/zf_user/jobs/relay/view?rec_idx=54307347,(유)삼송 전장개발 HW 평가 / HW 설계 [신입/경력직 모집],서울 금천구,Python C++ Java Linux S/W
https://www.saramin.co.kr/zf_user/jobs/relay/view?rec_idx=54042056,㈜피아이이 상반기 각 부문 공개채용,경기 화성시,Python AI(인공지능) C++ Java 머신러닝
https://www.saramin.co.kr/zf_user/jobs/relay/view?rec_idx=54117396,S/W Test & QA Engineer 신입 및 경력 채용,서울 구로구,Python C++ 백엔드/서버개발 Java Linux
https://www.saramin.co.kr/zf_user/jobs/relay/view?rec_idx=54258646,"[IT정보보안/사세확장] 부문별 채용 (네트워크보안,인사)",경기 성남시 분당구,Python 백엔드/서버개발 Linux 웹개발 기술지원
https://www.saramin.co.kr/zf_user/jobs/relay/view?rec_idx=54309869,[어시스턴트] 가맹점 플랫폼 운영 지원,경기 성남시 분당구,Python AI(인공지능) AIX SQL AI(인공지능)
https://www.saramin.co.kr/zf_user/jobs/relay/view?rec_idx=54116190,데이터 분석가 인턴,서울 중구,Python 데이터분석가 데이터엔지니어 데이터분석 인터넷교육
https://www.saramin.co.kr/zf_user/jobs/relay/view?rec_idx=54146314,개량연구팀 연구원 채용 (미생물학·분자생물학 분야),서울 금천구,Python 데이터분석가 QA/테스터 SQL 연구원
https://www.saramin.co.kr/zf_user/jobs/relay/view?rec_idx=54311985,[스타랩스] Web개발 경력자 채용,서울 강남구,Python 백엔드/서버개발 Java Linux 웹개발
https://www.saramin.co.kr/zf_user/jobs/relay/view?rec_idx=54304736,2026 AI Software Engineer hiring (9 positions),경기 성남시 중원구,AI(인공지능) C++ 머신러닝 딥러닝 S/W
https://www.saramin.co.kr/zf_user/jobs/relay/view?rec_idx=54281716,굿모닝아이텍㈜ 각 부문별 인재 모집합니다.,경기 고양시 덕양구,백엔드/서버개발 데이터엔지니어 유지보수 QA/테스터 SE(시스템엔지니어)
https://www.saramin.co.kr/zf_user/jobs/relay/view?rec_idx=54015519,"사업팀,경영지원부문(인사총무팀), 연구부문(H/W설계,기구설계,RF설계,설계및개발,시스템엔지니어),생산부문,품질보증팀 채용",경기 성남시 수정구,C++ Linux S/W C언어 유지보수
https://www.saramin.co.kr/zf_user/jobs/relay/view?rec_idx=54279612,[알바천국본사] AI 개발자 정규직 채용,서울 강남구,AI(인공지능) Java 머신러닝 딥러닝 S/W
https://www.saramin.co.kr/zf_user/jobs/relay/view?rec_idx=54217739,[코웨이] 경력직 채용,서울 구로구,백엔드/서버개발 앱개발 생산관리 생산설계 생산자동화
https://www.saramin.co.kr/zf_user/jobs/relay/view?rec_idx=54295166,(주)대교 ERP SAP CO 및 BW 시스템 개발 및 운영 신입/경력 채용,서울 관악구,Java S/W ERP ETL SAP
https://www.saramin.co.kr/zf_user/jobs/relay/view?rec_idx=54310019,(주)아이씨디 SW팀 신입/경력 채용,경기 안성시,C++ C언어 유지보수 C# LCD
https://www.saramin.co.kr/zf_user/jobs/relay/view?rec_idx=53972011,[웨이즈원(주)] Full Stack 웹개발자 채용,경기 성남시 분당구,C++ 백엔드/서버개발 Java 웹개발 프론트엔드
https://www.saramin.co.kr/zf_user/jobs/relay/view?rec_idx=54190039,2026년 뮤텍코리아 신입/경력 공개채용,서울 금천구,SE(시스템엔지니어) 기술영업 영업관리 영업지원 영업직
https://www.saramin.co.kr/zf_user/jobs/relay/view?rec_idx=53956180,㈜마이크로인피니티 대전사업장 정규 사원 모집,대전 유성구,AI(인공지능) C++ 머신러닝 Linux 영상처리
https://www.saramin.co.kr/zf_user/jobs/relay/view?rec_idx=54307984,클라우드 부문별 채용 (데이터센터 / 인프라 / 클라우드 / 보안),서울 강남구,기술지원 보안컨설팅 정보보안 SE(시스템엔지니어) SI개발
https://www.saramin.co.kr/zf_user/jobs/relay/view?rec_idx=53986098,[쿤텍 ES사업그룹] 임베디드 SW/FW 개발자 / 경력 2명,경기 성남시 수정구,S/W C언어 솔루션 임베디드 펌웨어
https://www.saramin.co.kr/zf_user/jobs/relay/view?rec_idx=53861021,[쿤텍 NS사업그룹] 보안솔루션 SW 개발자 채용 / 경력직 2명,경기 성남시 수정구,S/W 네트워크 솔루션 솔루션업체 소프트웨어개발
https://www.saramin.co.kr/zf_user/jobs/relay/view?rec_idx=54028308,"제닉스큐어 경력 사원 모집(사업개발,연구원)",경기 수원시 영통구,AI(인공지능) 임상시험 RA 연구원 R&D
https://www.saramin.co.kr/zf_user/jobs/relay/view?rec_idx=54176162,여행을 좋아하는 웹 개발자 모십니다. 1개월 수습후 정규직전환,서울 금천구,Java 웹개발 풀스택 소프트웨어개발
https://www.saramin.co.kr/zf_user/jobs/relay/view?rec_idx=54304208,[다날핀테크] 오피스 보안 기술지원 담당자 채용,경기 성남시 분당구,백엔드/서버개발 기술지원 보안컨설팅 유지보수 정보보안
https://www.saramin.co.kr/zf_user/jobs/relay/view?rec_idx=54306203,(주)바이오리서치에이아이 데이터엔지니어(주니어) 채용,서울 강남구,웹개발 데이터분석가 데이터엔지니어 검색엔진 데이터 사이언티스트
https://www.saramin.co.kr/zf_user/jobs/relay/view?rec_idx=54179451,SFA 26년 3차 수시채용 19개 부문 (7월12일 마감),경기 화성시,S/W VR(가상현실) 국제무역사 기술영업 솔루션기술영업
https://www.saramin.co.kr/zf_user/jobs/relay/view?rec_idx=54290379,[디자이노블] 주니어 백엔드/AI 애플리케이션 개발자,서울 강남구,백엔드/서버개발 기술지원 데이터엔지니어 DataMining 솔루션업체
https://www.saramin.co.kr/zf_user/jobs/relay/view?rec_idx=54309924,고(故)팀장 백엔드 개발자 채용 (경력 6년이하),서울 강서구,백엔드/서버개발 웹개발 SI·시스템통합
https://www.saramin.co.kr/zf_user/jobs/relay/view?rec_idx=54309987,주니어 소프트웨어 엔지니어,경기 성남시 분당구,AI(인공지능) 백엔드/서버개발 머신러닝 데이터엔지니어 프론트엔드
https://www.saramin.co.kr/zf_user/jobs/relay/view?rec_idx=54306506,IT개발·데이터(웹개발&프론트엔드&백엔드) 채용,경남 김해시,백엔드/서버개발 웹개발 프론트엔드 SI·시스템통합 ERP
https://www.saramin.co.kr/zf_user/jobs/relay/view?rec_idx=54216620,[코스맥스그룹] 26년 6~7월 경력사원 채용,경기 성남시 분당구,백엔드/서버개발 S/W 제형연구 마케팅전략 화장품
https://www.saramin.co.kr/zf_user/jobs/relay/view?rec_idx=54219421,[신입] 클라우드(Cloud) 운영 엔지니어 모집,서울 강남구,기술지원 유지보수 정보보안 IT컨설팅 SE(시스템엔지니어)
https://www.saramin.co.kr/zf_user/jobs/relay/view?rec_idx=54279528,전산관리자 모집,부산 강서구,유지보수 네트워크 인프라 정보통신 ERP
https://www.saramin.co.kr/zf_user/jobs/relay/view?rec_idx=54313217,[관악/신입가능/복지多] 현대계열사 교육플랫폼 운영PM 채용,서울 관악구,AI(인공지능) 백엔드/서버개발 S/W 웹개발 기술지원
https://www.saramin.co.kr/zf_user/jobs/relay/view?rec_idx=54247657,"바이브코딩 가능한 기획자, 개발자, 마케터 등을 채용합니다.",서울 관악구,AI(인공지능) 백엔드/서버개발 Java 머신러닝 딥러닝
https://www.saramin.co.kr/zf_user/jobs/relay/view?rec_idx=54295300,[외국계 화학] 2026 Ovivo 사업부 공개 채용,경기 화성시,건설영업 기계조작원 설비OP QA 공정엔지니어
https://www.saramin.co.kr/zf_user/jobs/relay/view?rec_idx=53892851,TYM 신입/경력사원 모집 (전북/익산),전북 익산시,R&D 자율주행 정책연구 학술연구 AI(인공지능)
https://www.saramin.co.kr/zf_user/jobs/relay/view?rec_idx=54193282,[삼정KPMG] 2026 신입 컨설턴트 공채,서울 강남구,경영기획 사업기획 인사기획 전략기획 컨설턴트
https://www.saramin.co.kr/zf_user/jobs/relay/view?rec_idx=54311477,26년 AP시스템 수시채용,경기 화성시,조직관리 기획 반도체 반도체 디스플레이
https://www.saramin.co.kr/zf_user/jobs/relay/view?rec_idx=54310999,[진씨커] 임상연구팀 팀장 및 팀원 채용 공고,서울 성동구,연구원 제약/바이오 학술연구 의약·제약 바이오
https://www.saramin.co.kr/zf_user/jobs/relay/view?rec_idx=54260702,[NICE피앤아이] 금융데이터분석 인턴 채용,서울 영등포구,금융사무 금융기관
https://www.saramin.co.kr/zf_user/jobs/relay/view?rec_idx=54304049,마케팅 데이터 분석가 모집(3년 이상),서울전체,Python 데이터분석가 SQL 마케팅기획 마케팅전략
https://www.saramin.co.kr/zf_user/jobs/relay/view?rec_idx=54260062,[펨트론] AI 연구개발자 채용,서울 금천구,Python AI(인공지능) C++ S/W 영상처리
https://www.saramin.co.kr/zf_user/jobs/relay/view?rec_idx=54204494,㈜제이오텍 소프트웨어개발 부문 신입/경력 채용,대전 유성구,Python AI(인공지능) 백엔드/서버개발 머신러닝 딥러닝
https://www.saramin.co.kr/zf_user/jobs/relay/view?rec_idx=54213397,"[로봇기업]연구개발, 로봇솔루션 및 로봇사업본부 경력직 채용",인천 연수구,Python AI(인공지능) C++ SE(시스템엔지니어) RTOS
https://www.saramin.co.kr/zf_user/jobs/relay/view?rec_idx=54258013,[대기업 금융그룹 헬스케어] 백엔드 개발자 모집,서울 강남구,Python 백엔드/서버개발 Java 웹개발 앱개발
https://www.saramin.co.kr/zf_user/jobs/relay/view?rec_idx=54207441,게임 보안 운영 담당자,서울 구로구,Python C++ 게임개발 기술지원 데이터분석가
https://www.saramin.co.kr/zf_user/jobs/relay/view?rec_idx=54204888,2026년 하반기 각 부문 신입/경력 직원 채용,서울 구로구,Python AI(인공지능) Java Linux DBA
https://www.saramin.co.kr/zf_user/jobs/relay/view?rec_idx=54290051,MRO사업부 경력사원 채용 (Data Analyst),서울전체,Python AI(인공지능) 머신러닝 딥러닝 데이터분석가
https://www.saramin.co.kr/zf_user/jobs/relay/view?rec_idx=54188922,[메타빌드] AI Engineer 신입/경력 채용,서울 서초구,Python AI(인공지능) 머신러닝 딥러닝 모델링
https://www.saramin.co.kr/zf_user/jobs/relay/view?rec_idx=54290458,[SOOP] Senior DevOps Engineer,서울 서초구,Python S/W 기술지원 유지보수 정보보안
https://www.saramin.co.kr/zf_user/jobs/relay/view?rec_idx=54200180,[이지스(코스닥 상장사)] IT분야 웹개발자 채용,대구 수성구,Python Java Linux 웹개발 프론트엔드
https://www.saramin.co.kr/zf_user/jobs/relay/view?rec_idx=54308733,물류 자동화 장비 S/W 개발자 채용,경기 과천시,Python AI(인공지능) C++ Java S/W
https://www.saramin.co.kr/zf_user/jobs/relay/view?rec_idx=53968717,의료 AI·파운데이션 모델·HIS·인허가(RA) 각 부문 인재 채용,서울 강남구,Python AI(인공지능) 머신러닝 Linux 딥러닝
https://www.saramin.co.kr/zf_user/jobs/relay/view?rec_idx=54106830,[AI 전문기업 아크릴] AI 데이터 분석 및 품질관리 인턴 모집,서울 종로구,Python 데이터분석가 데이터라벨링 Pandas AI(인공지능)
https://www.saramin.co.kr/zf_user/jobs/relay/view?rec_idx=54149189,(주)디지털대성 이러닝개발실(AI개발자) 신입/경력 채용,서울 서초구,Python Linux 웹개발 데이터분석가 앱개발
https://www.saramin.co.kr/zf_user/jobs/relay/view?rec_idx=54136903,[슈어소프트테크] 2026년 하반기 신입/경력 채용,경기 성남시 수정구,Python AI(인공지능) C++ 웹개발 C언어
https://www.saramin.co.kr/zf_user/jobs/relay/view?rec_idx=54304413,[경력직 채용] 리서치본부 인덱스개발팀,서울 영등포구,Python 데이터분석가 데이터엔지니어 MSSQL 리서치
https://www.saramin.co.kr/zf_user/jobs/relay/view?rec_idx=54306868,AI 연구개발 경력사원 채용,경기 성남시 분당구,Python AI(인공지능) C++ 딥러닝 C언어
https://www.saramin.co.kr/zf_user/jobs/relay/view?rec_idx=53988766,[청년친화강소기업]AX 전환 담당자 신입 및 경력 채용,대구 달성군,Python AI(인공지능) Java 웹개발 기술지원
https://www.saramin.co.kr/zf_user/jobs/relay/view?rec_idx=54044576,[시차출퇴근제] SW개발/엔지니어/QA 채용,대전 유성구,Python AI(인공지능) C++ Linux S/W
https://www.saramin.co.kr/zf_user/jobs/relay/view?rec_idx=54149154,[KG파이낸셜] IT본부 스크래핑 개발자 채용,서울 중구,Python 백엔드/서버개발 Java 웹개발 데이터엔지니어
https://www.saramin.co.kr/zf_user/jobs/relay/view?rec_idx=54278093,AI 솔루션 개발 및 인프라 운영 엔지니어 신입(경력) 채용,서울 금천구,Python Linux 클라우드 IDC Docker
https://www.saramin.co.kr/zf_user/jobs/relay/view?rec_idx=54309038,(홀딩스) 데이터분석가 (4~8년차),서울 금천구,Python 데이터분석가 SQL Excel 데이터분석
https://www.saramin.co.kr/zf_user/jobs/relay/view?rec_idx=54310262,[IMBdx] 생물정보학 전문가(BI) 채용,서울 금천구,Python R Unix 분자진단 유전자
https://www.saramin.co.kr/zf_user/jobs/relay/view?rec_idx=54147071,DevOps 엔지니어/정보 보안 운영 관리 엔지니어,서울 서초구,Python Linux 유지보수 정보보안 SE(시스템엔지니어)
https://www.saramin.co.kr/zf_user/jobs/relay/view?rec_idx=54304052,[이즈파크] AI 개발자 채용,서울 금천구,Python AI(인공지능) 머신러닝 딥러닝 모델링
https://www.saramin.co.kr/zf_user/jobs/relay/view?rec_idx=53833478,[전환형 인턴] AI Engineer 채용,서울 강남구,Python AI(인공지능) 머신러닝 딥러닝 모델링
https://www.saramin.co.kr/zf_user/jobs/relay/view?rec_idx=54191275,[메가존클라우드관계사] 메가존소프트 Data Engineer 신입/경력,경기 과천시,Python AI(인공지능) 백엔드/서버개발 Java 기술지원
https://www.saramin.co.kr/zf_user/jobs/relay/view?rec_idx=54288705,[외국계/중견] 이커머스 개발자 채용,서울 강남구,Python AI(인공지능) 머신러닝 딥러닝 웹개발
https://www.saramin.co.kr/zf_user/jobs/relay/view?rec_idx=54159694,풀스택 (Full-stack) 개발자,서울 금천구,Python 백엔드/서버개발 Java 웹개발 앱개발
https://www.saramin.co.kr/zf_user/jobs/relay/view?rec_idx=54159584,[서울] ﻿AI 비전·데이터 분석 엔지니어,서울 금천구,Python AI(인공지능) 머신러닝 웹개발 앱개발
https://www.saramin.co.kr/zf_user/jobs/relay/view?rec_idx=54308752,백엔드 개발자,서울 영등포구,Python Java Linux QA/테스터 Docker
https://www.saramin.co.kr/zf_user/jobs/relay/view?rec_idx=54223105,[LOreal/삼성]외국계대기업 Data Assistant채용,서울 강남구,Python 데이터분석가 데이터엔지니어 데이터라벨링 데이터시각화
https://www.saramin.co.kr/zf_user/jobs/relay/view?rec_idx=54150059,(주)이지로보틱스 연구소 신입사원 채용,경기 수원시 영통구,Python AI(인공지능) C++ 머신러닝 딥러닝
https://www.saramin.co.kr/zf_user/jobs/relay/view?rec_idx=54212563,2026년 전직군 신입/경력 채용 (구매/영업/인사/총무/개발/설치),경기 수원시 권선구,Python C++ 기술지원 임베디드 펌웨어
https://www.saramin.co.kr/zf_user/jobs/relay/view?rec_idx=54203769,[네이버랩스] Manipulation Engineer,경기 성남시 분당구,Python C++ 머신러닝 Ajax Pytorch
https://www.saramin.co.kr/zf_user/jobs/relay/view?rec_idx=54255355,[네오바이오텍] 디지털개발팀 SW Engineer 채용,서울 구로구,Python AI(인공지능) C++ S/W 유지보수
https://www.saramin.co.kr/zf_user/jobs/relay/view?rec_idx=53900822,SW품질보증 엔지니어 채용,서울 강남구,Python AI(인공지능) S/W 웹개발 기술지원
https://www.saramin.co.kr/zf_user/jobs/relay/view?rec_idx=54304353,[수시채용] Data Engineer (경력),서울 강남구,Python 백엔드/서버개발 데이터분석가 데이터엔지니어 DevOps
https://www.saramin.co.kr/zf_user/jobs/relay/view?rec_idx=53805697,(주)디더블유아이에서 AI 분석 서비스 개발자 모십니다,서울 영등포구,Python AI(인공지능) Java 딥러닝 데이터분석가
https://www.saramin.co.kr/zf_user/jobs/relay/view?rec_idx=54304969,[Salesforce 업계 1위] AI Solutions Engineer(FDE) 경력 채용,서울 마포구,Python Java 데이터엔지니어 SI개발 ERP
https://www.saramin.co.kr/zf_user/jobs/relay/view?rec_idx=54310626,개발본부장 채용 공고,대전 유성구,Python Java .NET C# ReactJS
https://www.saramin.co.kr/zf_user/jobs/relay/view?rec_idx=53809649,마크클라우드 솔루션 백엔드 개발자 채용 (신입/경력),서울 강남구,Python AI(인공지능) 백엔드/서버개발 머신러닝 딥러닝
https://www.saramin.co.kr/zf_user/jobs/relay/view?rec_idx=54200620,LLM RAG 및 AI Agent 개발 (신입 가능),부산 부산진구,Python AI(인공지능) 백엔드/서버개발 데이터엔지니어 프론트엔드
https://www.saramin.co.kr/zf_user/jobs/relay/view?rec_idx=54257050,[신입공채] 데이터 및 시스템 운영,경기 화성시 동탄구,Python Linux 데이터분석가 데이터엔지니어 SE(시스템엔지니어)
https://www.saramin.co.kr/zf_user/jobs/relay/view?rec_idx=54110435,[메이저월드(주)] 데이터팀 정규직 채용 공고,경기 화성시,Python Linux 데이터분석가 데이터엔지니어 IT컨설팅
https://www.saramin.co.kr/zf_user/jobs/relay/view?rec_idx=54235374,AI 어플리케이션 개발자 모집,서울 강서구,Python AI(인공지능) 백엔드/서버개발 머신러닝 딥러닝
https://www.saramin.co.kr/zf_user/jobs/relay/view?rec_idx=54004233,기업부설연구소 AI 데이터 분석가,서울 서초구,Python AI(인공지능) 데이터분석가 데이터엔지니어 SE(시스템엔지니어)
https://www.saramin.co.kr/zf_user/jobs/relay/view?rec_idx=54060382,AI 활용 개발자 채용공고,경기 안산시 단원구,Python AI(인공지능) 백엔드/서버개발 Java 프론트엔드
https://www.saramin.co.kr/zf_user/jobs/relay/view?rec_idx=54227425,Robotics System Software Engineer,서울 성동구,Python C++ 백엔드/서버개발 Linux S/W
https://www.saramin.co.kr/zf_user/jobs/relay/view?rec_idx=54135611,[서울] 디지털마케팅 및 콘텐츠 기획자 채용 (AI 활용),서울 중구,Python 사무직 사무행정 사이트관리 콘텐츠관리
https://www.saramin.co.kr/zf_user/jobs/relay/view?rec_idx=54309346,현장 설치 및 장비 시운전 엔지니어,대전 유성구,Python C++ 설비OP 자동화설계 장비설계
https://www.saramin.co.kr/zf_user/jobs/relay/view?rec_idx=54013647,2026년도 엔디소프트 개발부문 채용공고,서울 강남구,Python 백엔드/서버개발 머신러닝 Linux 딥러닝
https://www.saramin.co.kr/zf_user/jobs/relay/view?rec_idx=54013618,2026년도 엔디소프트 개발부문 채용,부산 해운대구,Python 백엔드/서버개발 머신러닝 Linux 딥러닝
https://www.saramin.co.kr/zf_user/jobs/relay/view?rec_idx=54073097,[주식회사 한울반도체] AI 개발자 채용 (신입),경기 군포시,Python AI(인공지능) C++ S/W DevOps
https://www.saramin.co.kr/zf_user/jobs/relay/view?rec_idx=54258717,[(주)MADI] 생성모델 기반 의료 LLM 개발자 모집,서울 강남구,Python AI(인공지능) 머신러닝 딥러닝 Pytorch
https://www.saramin.co.kr/zf_user/jobs/relay/view?rec_idx=54294674,로봇/로보틱스 AI 연구원 모집 (신입/경력),경기 광명시,Python AI(인공지능) C++ 머신러닝 S/W
https://www.saramin.co.kr/zf_user/jobs/relay/view?rec_idx=54307643,SW개발자 경력 모집,경기 안양시 동안구,Python C++ Linux S/W C언어
https://www.saramin.co.kr/zf_user/jobs/relay/view?rec_idx=53854372,[메가스터디교육 자회사] 마이스 AI 개발자 채용,서울 서초구,Python AI(인공지능) 백엔드/서버개발 머신러닝 딥러닝
https://www.saramin.co.kr/zf_user/jobs/relay/view?rec_idx=53971757,(신입/경력) 웹개발 정규직 채용 공고,대구 동구,Python AI(인공지능) 백엔드/서버개발 Java 웹개발
https://www.saramin.co.kr/zf_user/jobs/relay/view?rec_idx=54076544,"[CAL/ 일본 근무] WEB/ IT 개발자 채용, 미경험 신입 대환영",일본,Python AI(인공지능) 백엔드/서버개발 Java 웹개발
https://www.saramin.co.kr/zf_user/jobs/relay/view?rec_idx=54076541,"[CAL/일본근무] 경력자 채용 / WEB개발자, IT엔지니어",일본,Python AI(인공지능) 백엔드/서버개발 Java 웹개발
https://www.saramin.co.kr/zf_user/jobs/relay/view?rec_idx=54238887,디지털메딕(주) 데이터 엔지니어 및 데이터 사이언티스트 채용 공고,서울 서초구,Python AI(인공지능) 머신러닝 딥러닝 데이터분석가
https://www.saramin.co.kr/zf_user/jobs/relay/view?rec_idx=54260993,AI/Backend 개발자 (신입) 채용,대구 수성구,Python AI(인공지능) 백엔드/서버개발 머신러닝 딥러닝
https://www.saramin.co.kr/zf_user/jobs/relay/view?rec_idx=54294427,[유연/재택근무 가능] AI 백엔드 개발자 채용,대전 유성구,Python AI(인공지능) 백엔드/서버개발 웹개발 기술지원
https://www.saramin.co.kr/zf_user/jobs/relay/view?rec_idx=54315164,[(주)트리플렛] AI 풀스택 엔지니어 채용,서울 영등포구,Python Django Docker Flask MySQL
https://www.saramin.co.kr/zf_user/jobs/relay/view?rec_idx=54100652,[AI 엔지니어] 대표자 지분 최소 1퍼센트 이상 양도,서울 강남구,Python AI(인공지능) 백엔드/서버개발 머신러닝 딥러닝
https://www.saramin.co.kr/zf_user/jobs/relay/view?rec_idx=54272536,[다우키움 계열사] AI 콘텐츠 빌더 (3년 이상),서울 성동구,Python AI(인공지능) Git AI(인공지능) 엔터테인먼트
https://www.saramin.co.kr/zf_user/jobs/relay/view?rec_idx=54132432,[LSP] IT개발팀 부문별 담당자 모집,서울 강남구,Python 백엔드/서버개발 웹개발 기술지원 앱개발
https://www.saramin.co.kr/zf_user/jobs/relay/view?rec_idx=54224459,Data & Analytics Engineer,서울 강남구,Python S/W 데이터엔지니어 SE(시스템엔지니어) SQL
https://www.saramin.co.kr/zf_user/jobs/relay/view?rec_idx=54229930,[(주)에이비스] AI연구원 채용 (전문연구요원 지원 가능),서울 강남구,Python AI(인공지능) 백엔드/서버개발 머신러닝 딥러닝
https://www.saramin.co.kr/zf_user/jobs/relay/view?rec_idx=54307925,[세이브트리] LiDAR Data Engineer 채용,서울 노원구,Python 데이터분석가 GIS GCP QGIS
https://www.saramin.co.kr/zf_user/jobs/relay/view?rec_idx=53843899,(주)이뮨앱스 부산 기업부설연구소 실험데이터 DB구축 인력 채용,부산 부산진구,Python AI(인공지능) 머신러닝 Linux 딥러닝
https://www.saramin.co.kr/zf_user/jobs/relay/view?rec_idx=54204395,[씨드앤] R&D 인턴,서울 송파구,Python AI(인공지능) 머신러닝 데이터분석가 데이터엔지니어
https://www.saramin.co.kr/zf_user/jobs/relay/view?rec_idx=54267031,[신입] 포인트아이 기술팀 함께 성장할 엔지니어 채용,서울 강남구,Python Linux 기술지원 유지보수 정보보안
https://www.saramin.co.kr/zf_user/jobs/relay/view?rec_idx=54029988,[소르테크] AI Native 개발자 채용 (신입·주니어 환영),경남 창원시 마산회원구,Python AI(인공지능) 백엔드/서버개발 Java 유지보수
https://www.saramin.co.kr/zf_user/jobs/relay/view?rec_idx=54054788,[인턴십 참여자 모집] AI Agent 프로젝트 개발 인턴모집,서울 강남구,Python AI(인공지능) Java SI·시스템통합 솔루션업체
https://www.saramin.co.kr/zf_user/jobs/relay/view?rec_idx=54061489,"[메타크라우드] 백엔드 개발자 모집 (서울/선정릉, 1년~3년)",서울 강남구,Python C++ 백엔드/서버개발 C언어 AWS
https://www.saramin.co.kr/zf_user/jobs/relay/view?rec_idx=54103587,AI개발 인재 채용,경기 성남시 수정구,Python AI(인공지능) 백엔드/서버개발 머신러닝 딥러닝
https://www.saramin.co.kr/zf_user/jobs/relay/view?rec_idx=53897909,"에이테크솔루션(주) 모집 (AI개발,경영관리)",경기 화성시 효행구,Python AI(인공지능) 백엔드/서버개발 API ETL
https://www.saramin.co.kr/zf_user/jobs/relay/view?rec_idx=54294683,데이터 엔지니어 개발자 경력직 모집,서울 서초구,Python 데이터엔지니어 빅데이터 DBMS DW
https://www.saramin.co.kr/zf_user/jobs/relay/view?rec_idx=54293742,[Begas] 2026 데이터분석 전문가 신입·경력 모집,서울 중구,Python AI(인공지능) 머신러닝 딥러닝 데이터분석가
https://www.saramin.co.kr/zf_user/jobs/relay/view?rec_idx=54310793,[병역특례] 인공지능연구원 (전문연구요원),서울 강남구,Python AI(인공지능) 백엔드/서버개발 Java 머신러닝
https://www.saramin.co.kr/zf_user/jobs/relay/view?rec_idx=54159058,(주)빌리네어게임즈에서 AI & Data Scientist로 함께 성장해요,서울 강남구,Python 머신러닝 데이터엔지니어 데이터마이닝 데이터시각화
https://www.saramin.co.kr/zf_user/jobs/relay/view?rec_idx=54179463,웹 스크래핑 개발자 채용,서울 강남구,Python 백엔드/서버개발 Linux 웹개발 SE(시스템엔지니어)
https://www.saramin.co.kr/zf_user/jobs/relay/view?rec_idx=54135024,주니어 AI 개발자 및 웹 개발자 모집(연수후 정규채용 연계),경기 화성시 병점구,Python AI(인공지능) 백엔드/서버개발 Java 웹개발
https://www.saramin.co.kr/zf_user/jobs/relay/view?rec_idx=54267082,데이터 엔지니어 채용,서울 강남구,Python 데이터엔지니어 SQL SI·시스템통합 솔루션업체
https://www.saramin.co.kr/zf_user/jobs/relay/view?rec_idx=53816380,로와이드 주식회사에서 AI & 풀스택 주니어 개발자 모셔요,서울 서초구,Python AI(인공지능) 백엔드/서버개발 웹개발 프론트엔드
https://www.saramin.co.kr/zf_user/jobs/relay/view?rec_idx=54284453,환경분야 기획연구 및 빅데이터 분석 담당자,서울 강서구,Python Linux 쉘스크립트 기술연구 정책연구
https://www.saramin.co.kr/zf_user/jobs/relay/view?rec_idx=54288248,[에이아이로보틱스] 소프트웨어 개발 채용 공고,대구 북구,Python AI(인공지능) 백엔드/서버개발 웹개발 앱개발
https://www.saramin.co.kr/zf_user/jobs/relay/view?rec_idx=53877047,AI/ML Engineer,경기 성남시 분당구,Python AI(인공지능) SI개발 데이터 사이언티스트 SI·시스템통합
https://www.saramin.co.kr/zf_user/jobs/relay/view?rec_idx=53944724,[펨트론] SW개발자 채용,서울 금천구,Python C++ 머신러닝 S/W SI개발
https://www.saramin.co.kr/zf_user/jobs/relay/view?rec_idx=54121070,시스템 인프라 기술지원 엔지니어 채용,경기 성남시 수정구,Python Java Linux S/W 기술지원
https://www.saramin.co.kr/zf_user/jobs/relay/view?rec_idx=54189821,[X-Ray 및 CT 검사장비 AI 솔루션] 운영 SW 개발 모집,경기 화성시,Python AI(인공지능) C++ 머신러닝 딥러닝
https://www.saramin.co.kr/zf_user/jobs/relay/view?rec_idx=54269090,신입사원 채용(코딩테스트_프로젝트 수행/사업관리),서울전체,Python Java 웹개발 GoLang Javascript
https://www.saramin.co.kr/zf_user/jobs/relay/view?rec_idx=54283103,"[DMC/데이터에디터/CJ ENM] TV,OTT 드라마 데이터 수집 및 분석",서울 마포구,Python 데이터라벨링 데이터시각화 빅데이터 알고리즘
https://www.saramin.co.kr/zf_user/jobs/relay/view?rec_idx=53902147,SW 개발자 모집 (대구),대구 동구,Python C++ Java S/W 유지보수
https://www.saramin.co.kr/zf_user/jobs/relay/view?rec_idx=54131836,신성델타테크(주) (서울)로봇센터 백엔드 개발자 채용,경남 창원시 성산구,Python 백엔드/서버개발 S/W Django NoSQL
https://www.saramin.co.kr/zf_user/jobs/relay/view?rec_idx=54229088,[국립암센터] 연구과제 실무담당자 채용,경기 고양시 일산동구,Python R SAS PM(프로젝트매니저) 데이터분석
https://www.saramin.co.kr/zf_user/jobs/relay/view?rec_idx=54318628,국립암센터 암빅데이터실 데이터결합팀 과제연구원 채용,경기 고양시 일산동구,Python 데이터분석가 빅데이터 SAS 데이터분석
https://www.saramin.co.kr/zf_user/jobs/relay/view?rec_idx=53873859,[SWM] 자율주행 인프라 운영 엔지니어 모집,경기 안양시 동안구,Python AI(인공지능) 백엔드/서버개발 Linux S/W
https://www.saramin.co.kr/zf_user/jobs/relay/view?rec_idx=54203815,클라우드 기술 신입 및 경력 모집,대전 유성구,Python Java Linux 기술지원 유지보수
https://www.saramin.co.kr/zf_user/jobs/relay/view?rec_idx=54215987,HW Engineer 모집,서울 구로구,Python C언어 H/W 연구원 반도체
https://www.saramin.co.kr/zf_user/jobs/relay/view?rec_idx=54238794,"제이씨현시스템(주), 서버 H/W 필드 엔지니어(경력) 모집",서울 용산구,Python AI(인공지능) 백엔드/서버개발 머신러닝 Linux
https://www.saramin.co.kr/zf_user/jobs/relay/view?rec_idx=54291373,[현대카드] FEE BIZ사업팀 채용 - SQL/엑셀/데이터추출,서울 영등포구,Python Java 데이터분석가 데이터마이닝 데이터시각화
https://www.saramin.co.kr/zf_user/jobs/relay/view?rec_idx=54147068,MMORPG/모바일 RTS 클라이언트/서버 프로그래머,서울 서초구,Python C++ 백엔드/서버개발 Linux 게임개발
https://www.saramin.co.kr/zf_user/jobs/relay/view?rec_idx=54203687,[클라우드네트웍스] 클라우드시스템 엔지니어 모집 (신입/경력),서울 강남구,Python C++ Linux C언어 기술지원
https://www.saramin.co.kr/zf_user/jobs/relay/view?rec_idx=54279241,[Weverse Company] AI 서비스 기획 (경력 무관),경기 성남시 분당구,Python SQL 엔터테인먼트 서비스기획 UI/UX
https://www.saramin.co.kr/zf_user/jobs/relay/view?rec_idx=54308455,AI·미디어아트 개발자 스마트글라스/XR/생성형 AI,대전 유성구,Python 딥러닝 컴퓨터비전 AR(증강현실) C#
https://www.saramin.co.kr/zf_user/jobs/relay/view?rec_idx=54159372,AI Agent PM,서울 강남구,Python Java 웹개발 앱개발 Docker
https://www.saramin.co.kr/zf_user/jobs/relay/view?rec_idx=54281148,[NC 자회사] ㈜NC ITS 보안관제 인력 채용,경기 성남시 분당구,Python 백엔드/서버개발 Linux 기술지원 데이터분석가
https://www.saramin.co.kr/zf_user/jobs/relay/view?rec_idx=54247171,마이타운과 함께 할 성실한 소프트웨어개발자를 모십니다,경기 안양시 동안구,Python Java Linux 앱개발 Android
https://www.saramin.co.kr/zf_user/jobs/relay/view?rec_idx=53903994,백엔드/AI 엔지니어 인재모집 (경력),서울 구로구,Python AI(인공지능) 백엔드/서버개발 Java 머신러닝
https://www.saramin.co.kr/zf_user/jobs/relay/view?rec_idx=54043438,S/W QA & Test Engineer (신입/경력) 모집합니다.,서울 구로구,Python 백엔드/서버개발 Java Linux 웹마스터
https://www.saramin.co.kr/zf_user/jobs/relay/view?rec_idx=54306858,WEB / C# / AI 개발자 부문 채용합니다. (경력),대구 달성군,Python Java 머신러닝 데이터분석가 C#
https://www.saramin.co.kr/zf_user/jobs/relay/view?rec_idx=54308337,[더아이엠씨] AI 모델러 채용(신입/경력),대구 수성구,Python AI(인공지능) C++ 머신러닝 딥러닝
https://www.saramin.co.kr/zf_user/jobs/relay/view?rec_idx=53809189,"[정규직, 계약직, 인턴][신입, 경력]AI 개발자/ML 엔지니어 채용",서울 영등포구,Python 머신러닝 딥러닝 데이터엔지니어 컴퓨터비전
https://www.saramin.co.kr/zf_user/jobs/relay/view?rec_idx=54219637,[(주)윈텍오토메이션] 비전 S/W개발 - 영상처리/치수측정,경기 수원시 영통구,Python AI(인공지능) C++ 백엔드/서버개발 Java
https://www.saramin.co.kr/zf_user/jobs/relay/view?rec_idx=53944958,"[정규직] 임베디드 S/W, AI 및 Physical AI 개발",서울 영등포구,Python AI(인공지능) C++ 머신러닝 Linux
https://www.saramin.co.kr/zf_user/jobs/relay/view?rec_idx=54160791,(주)영광YKMC IT 직무 채용,충남 아산시,Python C++ 백엔드/서버개발 Java C언어
https://www.saramin.co.kr/zf_user/jobs/relay/view?rec_idx=54273411,[세르딕] AI Engineer(AI·CV 개발자) 채용,서울 강남구,Python AI(인공지능) C++ 백엔드/서버개발 머신러닝
https://www.saramin.co.kr/zf_user/jobs/relay/view?rec_idx=54106919,2026년 스파크플러스 전 직군 상시채용,서울 강남구,Python 백엔드/서버개발 Java 프론트엔드 ERP
https://www.saramin.co.kr/zf_user/jobs/relay/view?rec_idx=54284056,[주식회사 메타애드] 광고대행사 개발자 신입 및 경력 채용,서울 금천구,Python AI(인공지능) 백엔드/서버개발 웹개발 데이터분석가
https://www.saramin.co.kr/zf_user/jobs/relay/view?rec_idx=54308550,[Remittance] 서버개발자 채용,서울 영등포구,Python C++ 백엔드/서버개발 Java 유지보수
https://www.saramin.co.kr/zf_user/jobs/relay/view?rec_idx=54159997,로보틱스 박사 연구원 채용 (로봇 R&D / 기술기획 / 국책과제),경기 광명시,Python AI(인공지능) C++ 백엔드/서버개발 S/W
https://www.saramin.co.kr/zf_user/jobs/relay/view?rec_idx=54205743,"[금융SI, SM] Java, JSP 경력직 웹 개발자를 모십니다.",경기 하남시,Python 백엔드/서버개발 Java 웹개발 앱개발
https://www.saramin.co.kr/zf_user/jobs/relay/view?rec_idx=53990999,(주)아이웹 26년 상반기 추가 웹/앱 플랫폼 개발자 모집,서울 마포구,Python AI(인공지능) 백엔드/서버개발 S/W 웹개발
https://www.saramin.co.kr/zf_user/jobs/relay/view?rec_idx=54161036,"[모빌테크] AI Engineer 채용 (신입, 경력)",서울 서초구,Python AI(인공지능) C++ S/W 자율주행
https://www.saramin.co.kr/zf_user/jobs/relay/view?rec_idx=54230130,"울산/부산 연구소 채용 (신입, 경력/AI Agent / OpenAI)",울산 남구,Python AI(인공지능) 백엔드/서버개발 Java 기술지원
https://www.saramin.co.kr/zf_user/jobs/relay/view?rec_idx=54173660,[(주)네피리티/서울] 데이터 분석 및 AI모델 개발 모집,서울 서초구,Python AI(인공지능) 데이터분석가 소프트웨어개발
https://www.saramin.co.kr/zf_user/jobs/relay/view?rec_idx=54178485,[토마토에이아이] AI 엔지니어 신규 채용,서울 마포구,Python AI(인공지능) 머신러닝 딥러닝 데이터분석가
https://www.saramin.co.kr/zf_user/jobs/relay/view?rec_idx=54304757,"웹 프론트엔드, 백엔드(중급 개발자) 모집",경기 안양시 만안구,Python AI(인공지능) 백엔드/서버개발 Java 웹개발
https://www.saramin.co.kr/zf_user/jobs/relay/view?rec_idx=54211591,레디로버스트머신 IoT & Mobile machine Solutions Team팀 채용,경남 김해시,Python C++ 백엔드/서버개발 Java 웹개발
https://www.saramin.co.kr/zf_user/jobs/relay/view?rec_idx=54215802,[인천 송도] 웹 퍼블리셔 (신입/경력) 채용,인천 연수구,Python Java 웹개발 웹마스터 퍼블리셔
https://www.saramin.co.kr/zf_user/jobs/relay/view?rec_idx=54291044,드론 배송로 테스트 및 이착륙 테스트 인력 채용(계약직),인천 연수구,Python AI(인공지능) C++ 머신러닝 딥러닝
https://www.saramin.co.kr/zf_user/jobs/relay/view?rec_idx=54292021,멘딕스(Mendix) 개발 - 신입/경력,경기 수원시 영통구,Python 백엔드/서버개발 Java 프론트엔드 C#
https://www.saramin.co.kr/zf_user/jobs/relay/view?rec_idx=54062657,BI(bioinformatics) 연구원 채용,서울 금천구,Python 데이터분석가 QA/테스터 SQL 연구원
https://www.saramin.co.kr/zf_user/jobs/relay/view?rec_idx=54101878,임베디드시스템 S/W 개발자 모집 (신입 및 경력),경기 수원시 영통구,Python AI(인공지능) C++ Linux S/W
https://www.saramin.co.kr/zf_user/jobs/relay/view?rec_idx=54245343,Data&AI 관련 소프트웨어 엔지니어 모집 (신입 ),서울 영등포구,Python S/W 데이터엔지니어 DBA 데이터라벨링
https://www.saramin.co.kr/zf_user/jobs/relay/view?rec_idx=53929155,Deeper-I 임베디드 AI 응용/시스템 SW 엔지니어 채용,서울 서초구,Python AI(인공지능) C++ 머신러닝 Linux
https://www.saramin.co.kr/zf_user/jobs/relay/view?rec_idx=54217995,[Ncube] 신입/경력 모집 [웹 프로그래밍 개발],대전 서구,Python AI(인공지능) 백엔드/서버개발 Java 웹개발
https://www.saramin.co.kr/zf_user/jobs/relay/view?rec_idx=54254925,IoT 서비스 플랫폼 엔지니어,경기 화성시,Python AI(인공지능) C++ 백엔드/서버개발 Java
https://www.saramin.co.kr/zf_user/jobs/relay/view?rec_idx=54309022,코딩 쇼핑몰 에듀테크사업팀 MD 채용,전북 전주시 덕진구,Python C++ 기술지원 유지보수 QA/테스터
https://www.saramin.co.kr/zf_user/jobs/relay/view?rec_idx=54014316,[ATsens] R&D 본부 경력직 채용,경기 성남시 분당구,Python C++ Linux S/W C언어
https://www.saramin.co.kr/zf_user/jobs/relay/view?rec_idx=54311703,채용연계 피지컬 AI 부트캠프,대구전체,Python AI(인공지능) 머신러닝 딥러닝 NLP(자연어처리)
https://www.saramin.co.kr/zf_user/jobs/relay/view?rec_idx=53988849,IT[AI·SW] / 품질관리[바이오·이화학] 취업실무교육 모집,경기 성남시 분당구,Python AI(인공지능) S/W 데이터분석가 앱개발
https://www.saramin.co.kr/zf_user/jobs/relay/view?rec_idx=54049853,2026년 신입사원 채용 (IT부문),서울 금천구,Python 웹개발 ERP .NET ASP.NET
https://www.saramin.co.kr/zf_user/jobs/relay/view?rec_idx=54293352,(주)데이터스피라에서 플랫폼 개발자 모셔요,부산 해운대구,Python 백엔드/서버개발 Java Linux 프론트엔드
https://www.saramin.co.kr/zf_user/jobs/relay/view?rec_idx=54312044,[스타랩스] Web개발 경력자 채용 (고급),서울 강남구,Python 백엔드/서버개발 Java Linux 웹개발
https://www.saramin.co.kr/zf_user/jobs/relay/view?rec_idx=54207674,(주)세화아이씨티에서 공공 SW 풀스택·시스템 개발자 모셔요,전남 나주시,Python AI(인공지능) 백엔드/서버개발 Java 웹개발
https://www.saramin.co.kr/zf_user/jobs/relay/view?rec_idx=54277023,[재택근무] 풀스택 · 프론트엔드 개발자,경기 화성시 동탄구,Python S/W 웹개발 데이터분석가 데이터엔지니어
https://www.saramin.co.kr/zf_user/jobs/relay/view?rec_idx=53817767,[재택근무] PHP 개발자 모집,경기 안양시 동안구,Python AI(인공지능) 백엔드/서버개발 Linux 웹개발
https://www.saramin.co.kr/zf_user/jobs/relay/view?rec_idx=54002735,모빌리티 & 에이전틱 AI 서비스 개발자 경력 채용,경기 성남시 분당구,Python AI(인공지능) 백엔드/서버개발 Java Linux
https://www.saramin.co.kr/zf_user/jobs/relay/view?rec_idx=54149406,백앤드(인프라) 경력 채용공고(솔루션 개발),서울 강남구,Python 백엔드/서버개발 Java 웹개발 인프라
https://www.saramin.co.kr/zf_user/jobs/relay/view?rec_idx=54272504,[외국계/현대차1차사]제품 엔지니어 인턴(채용연계형),충북 음성군,Python C++ 웹개발 C언어 앱개발
https://www.saramin.co.kr/zf_user/jobs/relay/view?rec_idx=54309312,에이아이진흥원 AI자동화설계 및 시스템개발자 채용 모집,대구 수성구,Python AI(인공지능) 데이터시각화 반응형웹 알고리즘
https://www.saramin.co.kr/zf_user/jobs/relay/view?rec_idx=53986361,[알라딘] 정보보호팀 팀원,서울 중구,보안컨설팅 유지보수 정보보안 SE(시스템엔지니어) 솔루션
https://www.saramin.co.kr/zf_user/jobs/relay/view?rec_idx=54293980,[쿠팡] 쿠팡이츠 머천트 전략 기획 / 데이터 분석 담당자,서울 강남구,데이터분석가 SQL Excel 경영기획 사업기획
https://www.saramin.co.kr/zf_user/jobs/relay/view?rec_idx=54289631,쿠팡(주) 보안 관제 담당자(Tier2 SOC Analyst) 경력 채용 공고,서울 광진구,보안관제 전자상거래
https://www.saramin.co.kr/zf_user/jobs/relay/view?rec_idx=53822321,[충전기사업부문] 2026년 2분기 경력직 채용,경기 화성시,C++ S/W H/W 임베디드리눅스 QA
https://www.saramin.co.kr/zf_user/jobs/relay/view?rec_idx=54281956,에이비엘생명보험㈜ AI·DATA팀 정규직 직원 채용,서울 영등포구,AI(인공지능) 데이터분석가 데이터엔지니어 생명보험 보험사
https://www.saramin.co.kr/zf_user/jobs/relay/view?rec_idx=54304027,[골프존] 인프라 엔지니어 (8년 이상),서울 강남구,인프라 클라우드 IDC 게임개발 게임기획·마케팅
https://www.saramin.co.kr/zf_user/jobs/relay/view?rec_idx=54303983,[골프존] 인프라 엔지니어 (2년 ~ 5년 이하),서울 강남구,인프라 클라우드 IDC 게임개발 게임기획·마케팅
https://www.saramin.co.kr/zf_user/jobs/relay/view?rec_idx=54009023,사내 IT 시스템 운영 및 AI 업무자동화 담당자 채용,경남 창원시,AI(인공지능) S/W IT컨설팅 ERP SAP
https://www.saramin.co.kr/zf_user/jobs/relay/view?rec_idx=54281093,[칠곡경북대학교병원 시스템융합연구소] AI 석사급 연구원 모집,대구 북구,기술지원 데이터분석가 데이터엔지니어 SE(시스템엔지니어) 소프트웨어개발
https://www.saramin.co.kr/zf_user/jobs/relay/view?rec_idx=54111788,로봇 응용 SW 개발자,경기 성남시,S/W 소프트웨어개발
https://www.saramin.co.kr/zf_user/jobs/relay/view?rec_idx=54312024,[로보티즈] 휴머노이드 네비게이션 엔지니어 모집,서울 강서구,AI(인공지능) 로봇엔지니어 로봇설계 AI(인공지능) 기구설계
https://www.saramin.co.kr/zf_user/jobs/relay/view?rec_idx=53681113,데이터분석(데이터사이언스) 인재모집(채용 시 마감),서울전체,데이터분석가 데이터엔지니어 데이터분석 데이터 사이언티스트 SI·시스템통합
https://www.saramin.co.kr/zf_user/jobs/relay/view?rec_idx=54029880,[CGBIO] 메카노바이오연구센터 부문별 모집,서울 강서구,펌웨어 의료기기연구 펌웨어 기타제조업
https://www.saramin.co.kr/zf_user/jobs/relay/view?rec_idx=54055787,IT/AI부문(전문연구요원 포함)신입,서울 종로구,AI(인공지능) 머신러닝 딥러닝 언론사
https://www.saramin.co.kr/zf_user/jobs/relay/view?rec_idx=54058278,[동성화인텍] 시스템개발 및 운영관리자 채용,경기 안성시,AI(인공지능) 백엔드/서버개발 웹개발 게임개발 앱개발
https://www.saramin.co.kr/zf_user/jobs/relay/view?rec_idx=54185463,Data Engineer (Finance),서울 강남구,기술지원 데이터분석가 데이터엔지니어 데이터 사이언티스트 일반은행
https://www.saramin.co.kr/zf_user/jobs/relay/view?rec_idx=54254268,Finance Data System Developer,서울 강남구,기술지원 데이터엔지니어 SE(시스템엔지니어) 재무 BI 엔지니어
https://www.saramin.co.kr/zf_user/jobs/relay/view?rec_idx=54266607,[서울 본사] AI 개발자 경력직 채용,서울 송파구,AI(인공지능) 백엔드/서버개발 Java 웹개발 프론트엔드
https://www.saramin.co.kr/zf_user/jobs/relay/view?rec_idx=54256711,[디스트릭트] 모션 그래픽 담당 채용,서울 강남구,AI(인공지능) AI(인공지능) 영상디자이너 영상제작 영상디자인
https://www.saramin.co.kr/zf_user/jobs/relay/view?rec_idx=54314592,2026년 가비아 클라우드 엔지니어 경력직 수시채용,경기 과천시,SE(시스템엔지니어) 클라우드 소프트웨어개발
https://www.saramin.co.kr/zf_user/jobs/relay/view?rec_idx=53985165,[Product Center] Backend Engineer 채용 (신입/경력),서울 송파구,백엔드/서버개발 소프트웨어개발
https://www.saramin.co.kr/zf_user/jobs/relay/view?rec_idx=54118527,[Product Center] AI Backend Engineer 채용 (신입/경력),서울 송파구,백엔드/서버개발 소프트웨어개발
https://www.saramin.co.kr/zf_user/jobs/relay/view?rec_idx=54149371,"(주)동성전기 연구본부 신입/경력사원(기계, 전기/전자)",경남 김해시,임베디드 펌웨어 H/W 로봇엔지니어 로봇설계
https://www.saramin.co.kr/zf_user/jobs/relay/view?rec_idx=54282608,[현대엘리베이터] 엘리베이터 전장개발 경력 채용,서울 종로구,AI(인공지능) 머신러닝 Linux S/W 임베디드
